slug,url,category,lang,status,date_published,migrated_at,notes,superseded_by,batch
how-to-use-okada-voice-changer,https://dubbingai.io/blog/how-to-use-okada-voice-changer/,,en,done,2026-01-16,2026-08-11,,,P1
best-free-soundwave-voice-changer-2025,https://dubbingai.io/blog/best-free-soundwave-voice-changer-2025/,,en,done,2026-01-16,2026-08-11,,,P1
anime-voice-discord,https://dubbingai.io/blog/anime-voice-discord/,,en,done,2026-01-16,2026-08-11,,,P1
create-happy-birthday-memes-2025,https://dubbingai.io/blog/create-happy-birthday-memes-2025/,,en,done,2026-01-16,2026-08-11,,,P2
general-chungus-voice-actor-jared-hess,https://dubbingai.io/blog/general-chungus-voice-actor-jared-hess/,,en,done,2026-01-16,2026-08-11,,,P3
top-10-movies-with-wilhelm-scream,https://dubbingai.io/blog/top-10-movies-with-wilhelm-scream/,,en,done,2026-01-16,2026-08-11,,,P3
top-free-deku-voice-changer-tools,https://dubbingai.io/blog/top-free-deku-voice-changer-tools/,,en,done,2026-01-16,2026-08-11,,,P1
best-nailong-memes-viral-clips-funniest-videos,https://dubbingai.io/blog/best-nailong-memes-viral-clips-funniest-videos/,,en,done,2026-01-16,2026-08-11,,,P2
trending-prank-call-ideas,https://dubbingai.io/blog/trending-prank-call-ideas/,,en,done,2026-01-16,2026-08-11,,,P3
choosing-the-best-dnd-soundboard,https://dubbingai.io/blog/choosing-the-best-dnd-soundboard/,,en,done,2026-01-16,2026-08-11,,,P2
what-makes-burnt-peanut-soundboard-a-viral-hit-explained,https://dubbingai.io/blog/what-makes-burnt-peanut-soundboard-a-viral-hit-explained/,,en,done,2026-01-16,2026-08-11,,,P2
hatsune-miku-voice-changer-fortnite,https://dubbingai.io/blog/hatsune-miku-voice-changer-fortnite/,,en,done,2026-01-16,2026-08-11,,,P1
top-5-wah-wah-wah-sound-effect-sites,https://dubbingai.io/blog/top-5-wah-wah-wah-sound-effect-sites/,,en,done,2026-01-16,2026-08-11,,,P2
arcane-voice-actors-and-roles,https://dubbingai.io/blog/arcane-voice-actors-and-roles/,,en,done,2026-01-16,2026-08-11,,,P3
tung-tung-tung-sahur-sound-effects-download,https://dubbingai.io/blog/tung-tung-tung-sahur-sound-effects-download/,,en,done,2026-01-16,2026-08-11,,,P2
how-to-get-voice-changer-on-discord,https://dubbingai.io/blog/how-to-get-voice-changer-on-discord/,,en,done,2026-01-16,2026-08-11, IncompleteRead: IncompleteRead(0 bytes read),,P0
sad-hamster-song-funniest-meme-versions,https://dubbingai.io/blog/sad-hamster-song-funniest-meme-versions/,,en,done,2026-01-16,2026-08-11,,,P2
chris-griffin-voice-actor-seth-green,https://dubbingai.io/blog/chris-griffin-voice-actor-seth-green/,,en,done,2026-01-16,2026-08-11,,,P3
autobots-roll-out-sound-download-guide,https://dubbingai.io/blog/autobots-roll-out-sound-download-guide/,,en,done,2026-01-16,2026-08-11,,,P3
top-darth-vader-voice-changers,https://dubbingai.io/blog/top-darth-vader-voice-changers/,,en,done,2026-01-16,2026-08-11,,,P1
top-scream-meme-sounds-for-videos,https://dubbingai.io/blog/top-scream-meme-sounds-for-videos/,,en,done,2026-01-16,2026-08-11,,,P2
kpop-demon-hunters-voice-actors-characters-complete-list,https://dubbingai.io/blog/kpop-demon-hunters-voice-actors-characters-complete-list/,,en,done,2026-01-16,2026-08-11,,,P3
top-fortnite-soundboards,https://dubbingai.io/blog/top-fortnite-soundboards/,,en,done,2026-01-16,2026-08-11,,,P1
best-sigma-boy-soundboard-websites,https://dubbingai.io/blog/best-sigma-boy-soundboard-websites/,,en,done,2026-01-16,2026-08-11,,,P2
apex-legends-voice-actors-2025,https://dubbingai.io/blog/apex-legends-voice-actors-2025/,,en,done,2026-01-16,2026-08-11,,,P3
snow-white-narrator-voice-2025,https://dubbingai.io/blog/snow-white-narrator-voice-2025/,,en,done,2026-01-16,2026-08-11,,,P3
chicken-jockey-soundboard-free-download,https://dubbingai.io/blog/chicken-jockey-soundboard-free-download/,,en,done,2026-01-16,2026-08-11,,,P2
how-tempolor-ai-is-revolutionizing-royalty-free-market,https://dubbingai.io/blog/how-tempolor-ai-is-revolutionizing-royalty-free-market/,,en,done,2026-01-16,2026-08-11,,,P3
hooray-meme-sounds-best-platforms,https://dubbingai.io/blog/hooray-meme-sounds-best-platforms/,,en,done,2026-01-16,2026-08-11,,,P2
top-r6-soundboards,https://dubbingai.io/blog/top-r6-soundboards/,,en,done,2026-01-16,2026-08-11, IncompleteRead: IncompleteRead(39087 bytes read),,P2
top-jumpscare-sound-effects,https://dubbingai.io/blog/top-jumpscare-sound-effects/,,en,done,2026-01-16,2026-08-11,,,P2
remove-background-noise-from-audio-guide,https://dubbingai.io/blog/remove-background-noise-from-audio-guide/,,en,done,2026-01-16,2026-08-11,,,P3
effective-gorilla-tag-soundboard-tips,https://dubbingai.io/blog/effective-gorilla-tag-soundboard-tips/,,en,done,2026-01-16,2026-08-11,,,P2
top-space-marine-voice-changers,https://dubbingai.io/blog/top-space-marine-voice-changers/,,en,done,2026-01-16,2026-08-11,,,P1
grindr-sound-effect-vs-snapchat-sound-effect-vibe-guide,https://dubbingai.io/blog/grindr-sound-effect-vs-snapchat-sound-effect-vibe-guide/,,en,done,2026-01-16,2026-08-11,,,P2
meme-soundboard-scratch-tips,https://dubbingai.io/blog/meme-soundboard-scratch-tips/,,en,done,2026-01-16,2026-08-11,,,P2
i-am-speed-sound-effect-meme-popularity-explained,https://dubbingai.io/blog/i-am-speed-sound-effect-meme-popularity-explained/,,en,done,2026-01-16,2026-08-11,,,P2
zootopia-2-trailer-movie-what-to-expect-characters-plot,https://dubbingai.io/blog/zootopia-2-trailer-movie-what-to-expect-characters-plot/,,en,done,2026-01-16,2026-08-11,,,P3
dubbing-ai-voice-changer-instagram,https://dubbingai.io/blog/dubbing-ai-voice-changer-instagram/,,en,done,2026-01-16,2026-08-11,,,P1
best-avatar-voice-roblox,https://dubbingai.io/blog/best-avatar-voice-roblox/,,en,done,2026-01-16,2026-08-11,,,P3
changli-voice-actor-wuthering-waves,https://dubbingai.io/blog/changli-voice-actor-wuthering-waves/,,en,done,2026-01-16,2026-08-11,,,P3
top-funniest-i-am-steve-memes,https://dubbingai.io/blog/top-funniest-i-am-steve-memes/,,en,done,2026-01-16,2026-08-11,,,P2
top-yippee-sound-effect-platforms,https://dubbingai.io/blog/top-yippee-sound-effect-platforms/,,en,done,2026-01-16,2026-08-11,,,P2
top-gorilla-tag-soundboards-tools,https://dubbingai.io/blog/top-gorilla-tag-soundboards-tools/,,en,done,2026-01-16,2026-08-11,,,P2
top-benefits-hitpaw-voice-changer,https://dubbingai.io/blog/top-benefits-hitpaw-voice-changer/,,en,done,2026-01-16,2026-08-11,,,P1
charlie-morningstar-voice-actor-hazbin-hotel-erika-henningsen,https://dubbingai.io/blog/charlie-morningstar-voice-actor-hazbin-hotel-erika-henningsen/,,en,done,2026-01-16,2026-08-11,,,P3
arcane-voice-changer-soundboard,https://dubbingai.io/blog/arcane-voice-changer-soundboard/,,en,done,2026-01-16,2026-08-11,,,P1
top-5-voice-changers,https://dubbingai.io/blog/top-5-voice-changers/,,en,done,2026-01-16,2026-08-11,301→best-ai-voice-changer,best-ai-voice-changer,P1
top-free-lobotomy-sound-effect-websites,https://dubbingai.io/blog/top-free-lobotomy-sound-effect-websites/,,en,done,2026-01-16,2026-08-11,,,P2
simpsons-voice-actors-2025,https://dubbingai.io/blog/simpsons-voice-actors-2025/,,en,done,2026-01-16,2026-08-11,,,P3
tiktok-videos-soundboard,https://dubbingai.io/blog/tiktok-videos-soundboard/,,en,done,2026-01-16,2026-08-11,,,P2
bluelock-voice-changer,https://dubbingai.io/blog/bluelock-voice-changer/,,en,done,2026-01-16,2026-08-11,,,P1
tips-for-finding-sound-id-roblox,https://dubbingai.io/blog/tips-for-finding-sound-id-roblox/,,en,done,2026-01-16,2026-08-11,,,P3
marge-simpson-voice-actor-julie-kavner-the-simpsons,https://dubbingai.io/blog/marge-simpson-voice-actor-julie-kavner-the-simpsons/,,en,done,2026-01-16,2026-08-11,,,P3
how-to-change-siri-voice-in-3-steps,https://dubbingai.io/blog/how-to-change-siri-voice-in-3-steps/,,en,done,2026-01-16,2026-08-11,,,P3
top-telamon-roblox-items-accessories,https://dubbingai.io/blog/top-telamon-roblox-items-accessories/,,en,done,2026-01-16,2026-08-11,,,P3
fortnite-new-season-chapter-6-season-4-features-changes,https://dubbingai.io/blog/fortnite-new-season-chapter-6-season-4-features-changes/,,en,done,2026-01-16,2026-08-11,,,P1
voice-changers-murder-mystery-roblox-guide,https://dubbingai.io/blog/voice-changers-murder-mystery-roblox-guide/,,en,done,2026-01-16,2026-08-11,,,P1
voicemod-crack-alternatives-top-picks,https://dubbingai.io/blog/voicemod-crack-alternatives-top-picks/,,en,done,2026-01-16,2026-08-11,,,P3
download-renoir-cane-sound-effect-2025-android-iphone,https://dubbingai.io/blog/download-renoir-cane-sound-effect-2025-android-iphone/,,en,done,2026-01-16,2026-08-11,,,P2
kyle-crane-voice-actor-roger-craig-smith,https://dubbingai.io/blog/kyle-crane-voice-actor-roger-craig-smith/,,en,done,2026-01-16,2026-08-11,,,P3
voice-changer-soundboard-mobile,https://dubbingai.io/blog/voice-changer-soundboard-mobile/,,en,done,2026-01-16,2026-08-11,,,P1
discover-italian-brainrot-soundboard,https://dubbingai.io/blog/discover-italian-brainrot-soundboard/,,en,done,2026-01-16,2026-08-11, IncompleteRead: IncompleteRead(0 bytes read),,P2
top-talking-ben-soundboards,https://dubbingai.io/blog/top-talking-ben-soundboards/,,en,done,2026-01-16,2026-08-11,,,P2
puss-in-boots-voice-actors-cast,https://dubbingai.io/blog/puss-in-boots-voice-actors-cast/,,en,done,2026-01-16,2026-08-11,,,P3
arc-raider-voice-changer-tools-for-gamers,https://dubbingai.io/blog/arc-raider-voice-changer-tools-for-gamers/,,en,done,2026-01-16,2026-08-11,,,P1
top-quandale-dingle-soundboard-sites,https://dubbingai.io/blog/top-quandale-dingle-soundboard-sites/,,en,done,2026-01-16,2026-08-11,,,P2
top-ultron-voice-changers,https://dubbingai.io/blog/top-ultron-voice-changers/,,en,done,2026-01-16,2026-08-11,,,P1
top-10-mafioso-soundboards-for-roblox,https://dubbingai.io/blog/top-10-mafioso-soundboards-for-roblox/,,en,done,2026-01-16,2026-08-11,,,P2
copper-golem-minecraft-2025-update-features-summoning-guide,https://dubbingai.io/blog/copper-golem-minecraft-2025-update-features-summoning-guide/,,en,done,2026-01-16,2026-08-11,,,P3
best-pennywise-voice-changer-tools-for-spooky-experience,https://dubbingai.io/blog/best-pennywise-voice-changer-tools-for-spooky-experience/,,en,done,2026-01-16,2026-08-11,,,P1
top-cat-laughing-memes,https://dubbingai.io/blog/top-cat-laughing-memes/,,en,done,2026-01-16,2026-08-11,,,P2
convert-voice-memos-to-mp3-online,https://dubbingai.io/blog/convert-voice-memos-to-mp3-online/,,en,done,2026-01-16,2026-08-11,,,P3
free-wrong-buzzer-sound-effects,https://dubbingai.io/blog/free-wrong-buzzer-sound-effects/,,en,done,2026-01-16,2026-08-11,,,P2
2024-top-homework-assistant-tutoreva-review,https://dubbingai.io/blog/2024-top-homework-assistant-tutoreva-review/,,en,done,2026-01-16,2026-08-11,,,P3
create-share-voice,https://dubbingai.io/blog/create-share-voice/,,en,done,2026-01-16,2026-08-11,,,P3
top-valorant-soundboards,https://dubbingai.io/blog/top-valorant-soundboards/,,en,done,2026-01-16,2026-08-11,,,P1
top-5-c00lkidd-voice-changer-tools,https://dubbingai.io/blog/top-5-c00lkidd-voice-changer-tools/,,en,done,2026-01-16,2026-08-11,,,P1
soundboard-recording,https://dubbingai.io/blog/soundboard-recording/,,en,done,2026-01-16,2026-08-11,,,P2
free-nom-nom-nom-sound-effect-libraries,https://dubbingai.io/blog/free-nom-nom-nom-sound-effect-libraries/,,en,done,2026-01-16,2026-08-11,,,P2
voxal-voice-changer-safety-reliability,https://dubbingai.io/blog/voxal-voice-changer-safety-reliability/,,en,done,2026-01-16,2026-08-11,,,P1
rupert-gaming-boy-trending-roblox-pranks-soundboard-memes,https://dubbingai.io/blog/rupert-gaming-boy-trending-roblox-pranks-soundboard-memes/,,en,done,2026-01-16,2026-08-11,,,P2
south-park-voice-actors,https://dubbingai.io/blog/south-park-voice-actors/,,en,done,2026-01-16,2026-08-11,,,P3
top-corpse-husband-voice-changer-apps-for-gamers,https://dubbingai.io/blog/top-corpse-husband-voice-changer-apps-for-gamers/,,en,done,2026-01-16,2026-08-11,,,P1
real-time-ai-voice-changer-for-dubbing-future,https://dubbingai.io/blog/real-time-ai-voice-changer-for-dubbing-future/,,en,done,2026-01-16,2026-08-11,,,P1
minecraft-soundbutton,https://dubbingai.io/blog/minecraft-soundbutton/,,en,done,2026-01-16,2026-08-11,,,P2
jinx-soundboard-voice-changer,https://dubbingai.io/blog/jinx-soundboard-voice-changer/,,en,done,2026-01-16,2026-08-11, IncompleteRead: IncompleteRead(0 bytes read),,P1
the-jacob-wysocki-effect-explained-why-its-trending-now,https://dubbingai.io/blog/the-jacob-wysocki-effect-explained-why-its-trending-now/,,en,done,2026-01-16,2026-08-11,,,P3
powerplex-voice-actor-invincible-season-3,https://dubbingai.io/blog/powerplex-voice-actor-invincible-season-3/,,en,done,2026-01-16,2026-08-11,,,P3
neck-hurt-soundboard-meme-why-its-popular-online-explained,https://dubbingai.io/blog/neck-hurt-soundboard-meme-why-its-popular-online-explained/,,en,done,2026-01-16,2026-08-11,,,P2
captain-celebrity-english-voice-actor-my-hero-academia,https://dubbingai.io/blog/captain-celebrity-english-voice-actor-my-hero-academia/,,en,done,2026-01-16,2026-08-11,,,P3
top-free-cricket-sound-effects-sites,https://dubbingai.io/blog/top-free-cricket-sound-effects-sites/,,en,done,2026-01-16,2026-08-11,,,P2
soundboard-delta-force,https://dubbingai.io/blog/soundboard-delta-force/,,en,done,2026-01-16,2026-08-11, IncompleteRead: IncompleteRead(0 bytes read),,P2
top-10-funniest-dr-phil-soundboard-quotes-for-laughs,https://dubbingai.io/blog/top-10-funniest-dr-phil-soundboard-quotes-for-laughs/,,en,done,2026-01-16,2026-08-11,,,P2
top-free-tools-for-beginner-vtubers,https://dubbingai.io/blog/top-free-tools-for-beginner-vtubers/,,en,done,2026-01-16,2026-08-11,,,P3
top-10-goofy-ahh-soundboards-2025,https://dubbingai.io/blog/top-10-goofy-ahh-soundboards-2025/,,en,done,2026-01-16,2026-08-11,,,P2
embrace-ai-voice,https://dubbingai.io/blog/embrace-ai-voice/,,en,done,2026-01-16,2026-08-11,,,P3
return-by-death-sound-effect-download,https://dubbingai.io/blog/return-by-death-sound-effect-download/,,en,done,2026-01-16,2026-08-11,,,P2
taco-bell-sound-effect-guide,https://dubbingai.io/blog/taco-bell-sound-effect-guide/,,en,done,2026-01-16,2026-08-11,,,P2
top-police-siren-sounds-for-creators,https://dubbingai.io/blog/top-police-siren-sounds-for-creators/,,en,done,2026-01-16,2026-08-11,,,P3
chinese-meme-songs-tiktok,https://dubbingai.io/blog/chinese-meme-songs-tiktok/,,en,done,2026-01-16,2026-08-11,,,P2
knights-of-guinevere-cast-creators-behind-2025-animated-series,https://dubbingai.io/blog/knights-of-guinevere-cast-creators-behind-2025-animated-series/,,en,done,2026-01-16,2026-08-11,,,P3
goku-voice-actors-languages-versions,https://dubbingai.io/blog/goku-voice-actors-languages-versions/,,en,done,2026-01-16,2026-08-11,,,P3
space-marine-2-soundbutton,https://dubbingai.io/blog/space-marine-2-soundbutton/,,en,done,2026-01-16,2026-08-11,,,P2
dubbing-ai-trump-voice,https://dubbingai.io/blog/dubbing-ai-trump-voice/,,en,done,2026-01-16,2026-08-11,,,P0
free-bomboclat-sound-effects,https://dubbingai.io/blog/free-bomboclat-sound-effects/,,en,done,2026-01-16,2026-08-11,,,P2
os-5-melhores-modificadores,https://dubbingai.io/blog/os-5-melhores-modificadores/,,pt,done,2026-01-16,2026-08-11,葡语稿,,P3
why-does-helium-change-your-voice-safety-tips,https://dubbingai.io/blog/why-does-helium-change-your-voice-safety-tips/,,en,done,2026-01-16,2026-08-11,,,P3
free-alternatives-to-101-soundboards,https://dubbingai.io/blog/free-alternatives-to-101-soundboards/,,en,done,2026-01-16,2026-08-11,,,P2
league-of-legends-voice,https://dubbingai.io/blog/league-of-legends-voice/,,en,done,2026-01-16,2026-08-11,,,P3
3-secrets-sound-like-reyna-valorant,https://dubbingai.io/blog/3-secrets-sound-like-reyna-valorant/,,en,done,2026-01-16,2026-08-11,,,P1
myedit-voice-changer-review,https://dubbingai.io/blog/myedit-voice-changer-review/,,en,done,2026-01-16,2026-08-11,,,P1
poppop-ai-vocal-remover-review,https://dubbingai.io/blog/poppop-ai-vocal-remover-review/,,en,done,2026-01-16,2026-08-11,,,P3
rick-and-morty-voice-actors-2025,https://dubbingai.io/blog/rick-and-morty-voice-actors-2025/,,en,done,2026-01-16,2026-08-11,,,P3
download-royalty-free-baby-crying-sound,https://dubbingai.io/blog/download-royalty-free-baby-crying-sound/,,en,done,2026-01-16,2026-08-11,,,P3
crazy-games-space-waves-easy-tricks-to-beat-tough-levels,https://dubbingai.io/blog/crazy-games-space-waves-easy-tricks-to-beat-tough-levels/,,en,done,2026-01-16,2026-08-11,,,P3
best-ninja-soundboard-for-memes-pranks-discord-tiktok,https://dubbingai.io/blog/best-ninja-soundboard-for-memes-pranks-discord-tiktok/,,en,done,2026-01-16,2026-08-11,,,P1
spongebob-voice-actor-tom-kenny,https://dubbingai.io/blog/spongebob-voice-actor-tom-kenny/,,en,done,2026-01-16,2026-08-11,,,P3
free-rizz-soundboards-online-tips,https://dubbingai.io/blog/free-rizz-soundboards-online-tips/,,en,done,2026-01-16,2026-08-11,,,P2
clockie-honkai-star-rail-voice-actor-niko-gerentes,https://dubbingai.io/blog/clockie-honkai-star-rail-voice-actor-niko-gerentes/,,en,done,2026-01-16,2026-08-11,,,P3
ariana-grande-voice-change-through-roles,https://dubbingai.io/blog/ariana-grande-voice-change-through-roles/,,en,done,2026-01-16,2026-08-11,,,P3
king-of-the-hill-voice-actors,https://dubbingai.io/blog/king-of-the-hill-voice-actors/,,en,done,2026-01-16,2026-08-11,,,P3
marvel-rivals-voice-maker,https://dubbingai.io/blog/marvel-rivals-voice-maker/,,en,done,2026-01-16,2026-08-11,,,P3
make-punch-sound-effect,https://dubbingai.io/blog/make-punch-sound-effect/,,en,done,2026-01-16,2026-08-11,,,P2
peter-griffin-voice-actor-seth-macfarlane,https://dubbingai.io/blog/peter-griffin-voice-actor-seth-macfarlane/,,en,done,2026-01-16,2026-08-11,,,P3
easeus-voice-changer-review,https://dubbingai.io/blog/easeus-voice-changer-review/,,en,done,2026-01-16,2026-08-11,,,P1
elsa-voice-actor-idina-menzel,https://dubbingai.io/blog/elsa-voice-actor-idina-menzel/,,en,done,2026-01-16,2026-08-11,,,P3
master-gollum-voice-in-5-steps,https://dubbingai.io/blog/master-gollum-voice-in-5-steps/,,en,done,2026-01-16,2026-08-11,,,P3
what-to-expect-from-dandadan-season-2-in-2025-details,https://dubbingai.io/blog/what-to-expect-from-dandadan-season-2-in-2025-details/,,en,done,2026-01-16,2026-08-11,,,P3
black-ops-soundboards,https://dubbingai.io/blog/black-ops-soundboards/,,en,done,2026-01-16,2026-08-11,,,P2
venom-voice-actor-movies-games,https://dubbingai.io/blog/venom-voice-actor-movies-games/,,en,done,2026-01-16,2026-08-11,,,P3
top-gnarpy-voice-changers-2025,https://dubbingai.io/blog/top-gnarpy-voice-changers-2025/,,en,done,2026-01-16,2026-08-11,,,P1
top-free-yoda-voice-changer-tools-for-pc-mobile-online,https://dubbingai.io/blog/top-free-yoda-voice-changer-tools-for-pc-mobile-online/,,en,done,2026-01-16,2026-08-11,,,P1
rehehehe-sound-effect-meme-culture-2025-tiktok-youtube,https://dubbingai.io/blog/rehehehe-sound-effect-meme-culture-2025-tiktok-youtube/,,en,done,2026-01-16,2026-08-11,,,P2
hazbin-hotel-season-2-creative-process-behind-the-scenes,https://dubbingai.io/blog/hazbin-hotel-season-2-creative-process-behind-the-scenes/,,en,done,2026-01-16,2026-08-11,,,P3
realm-of-darkness-soundboard-download-guide,https://dubbingai.io/blog/realm-of-darkness-soundboard-download-guide/,,en,done,2026-01-16,2026-08-11,,,P2
top-doom-the-dark-ages-soundtrack-tracks-2025,https://dubbingai.io/blog/top-doom-the-dark-ages-soundtrack-tracks-2025/,,en,done,2026-01-16,2026-08-11,,,P3
best-troll-soundboard-gamers-top-prank-picks,https://dubbingai.io/blog/best-troll-soundboard-gamers-top-prank-picks/,,en,done,2026-01-16,2026-08-11,,,P2
minecraft-villager-soundboard-and-memes,https://dubbingai.io/blog/minecraft-villager-soundboard-and-memes/,,en,done,2026-01-16,2026-08-11,,,P2
top-10-stephen-hawking-voice-generators-2025,https://dubbingai.io/blog/top-10-stephen-hawking-voice-generators-2025/,,en,done,2026-01-16,2026-08-11,,,P3
discord-voice-changer-update-2025,https://dubbingai.io/blog/discord-voice-changer-update-2025/,,en,done,2026-01-16,2026-08-11,,,P1
tynker-meme-soundboard-for-beginners,https://dubbingai.io/blog/tynker-meme-soundboard-for-beginners/,,en,done,2026-01-16,2026-08-11,,,P2
guitar-effects-that-mimics-a-voice-for-vocal-guitar-sound,https://dubbingai.io/blog/guitar-effects-that-mimics-a-voice-for-vocal-guitar-sound/,,en,done,2026-01-16,2026-08-11,,,P3
free-allahu-akbar-sound-effects,https://dubbingai.io/blog/free-allahu-akbar-sound-effects/,,en,done,2026-01-16,2026-08-11,,,P2
fantastic-four-marvel-movie-2025-release-cast-director,https://dubbingai.io/blog/fantastic-four-marvel-movie-2025-release-cast-director/,,en,done,2026-01-16,2026-08-11,,,P3
top-cat-translator-apps,https://dubbingai.io/blog/top-cat-translator-apps/,,en,done,2026-01-16,2026-08-11,,,P3
clownfish-voice-changer-2025-review,https://dubbingai.io/blog/clownfish-voice-changer-2025-review/,,en,done,2026-01-16,2026-08-11,,,P1
tiktok-trends-saja-boys-sound-effect-challenges,https://dubbingai.io/blog/tiktok-trends-saja-boys-sound-effect-challenges/,,en,done,2026-01-16,2026-08-11,,,P2
dubbing-ai-vs-voicemod,https://dubbingai.io/blog/dubbing-ai-vs-voicemod/,,en,done,2026-01-16,2026-08-11,,,P0
top-dreamybull-soundboards,https://dubbingai.io/blog/top-dreamybull-soundboards/,,en,done,2026-01-16,2026-08-11,,,P2
origin-of-sad-violin-sound-effect-meme,https://dubbingai.io/blog/origin-of-sad-violin-sound-effect-meme/,,en,done,2026-01-16,2026-08-11,,,P2
top-teto-voice-changer-tools-for-youtube-and-streaming,https://dubbingai.io/blog/top-teto-voice-changer-tools-for-youtube-and-streaming/,,en,done,2026-01-16,2026-08-11,,,P1
alternative-voicemod,https://dubbingai.io/blog/alternative-voicemod/,,en,done,2026-01-16,2026-08-11,,,P3
anime-soundboard,https://dubbingai.io/blog/anime-soundboard/,,en,done,2026-01-16,2026-08-11,,,P2
top-10-free-voice-changer-online-2025,https://dubbingai.io/blog/top-10-free-voice-changer-online-2025/,,en,done,2026-01-16,2026-08-11,301→best-ai-voice-changer,best-ai-voice-changer,P1
voicemod-key-alternatives-easy-setup-voice-effects,https://dubbingai.io/blog/voicemod-key-alternatives-easy-setup-voice-effects/,,en,done,2026-01-16,2026-08-11,,,P3
helldivers2,https://dubbingai.io/blog/helldivers2/,,en,done,2026-01-16,2026-08-11,,,P3
mechabreak-explained-beginners-gameplay-modes-customization,https://dubbingai.io/blog/mechabreak-explained-beginners-gameplay-modes-customization/,,en,done,2026-01-16,2026-08-11,,,P3
terraria-soundboard-top-5-effects,https://dubbingai.io/blog/terraria-soundboard-top-5-effects/,,en,done,2026-01-16,2026-08-11,,,P2
how-to-use-cat-soundboard-effectively-2025,https://dubbingai.io/blog/how-to-use-cat-soundboard-effectively-2025/,,en,done,2026-01-16,2026-08-11,,,P2
marvel-rivals,https://dubbingai.io/blog/marvel-rivals/,,en,done,2026-01-16,2026-08-11,,,P3
top-5-donkey-kong-banana-collectibles-every-fan-needs,https://dubbingai.io/blog/top-5-donkey-kong-banana-collectibles-every-fan-needs/,,en,done,2026-01-16,2026-08-11,,,P3
oof-sound-effect-download-free-sites-safety-legal-tips,https://dubbingai.io/blog/oof-sound-effect-download-free-sites-safety-legal-tips/,,en,done,2026-01-16,2026-08-11,,,P2
best-bluudud-voice-changer-tools,https://dubbingai.io/blog/best-bluudud-voice-changer-tools/,,en,done,2026-01-16,2026-08-11, IncompleteRead: IncompleteRead(0 bytes read),,P1
free-dog-whistle-sound-effects,https://dubbingai.io/blog/free-dog-whistle-sound-effects/,,en,done,2026-01-16,2026-08-11,,,P2
incredibox-abgerny,https://dubbingai.io/blog/incredibox-abgerny/,,en,done,2026-01-16,2026-08-11,,,P3
funny-sound-effects-april-fools-pranks,https://dubbingai.io/blog/funny-sound-effects-april-fools-pranks/,,en,done,2026-01-16,2026-08-11,,,P2
tuna-soundboard-review-alternatives,https://dubbingai.io/blog/tuna-soundboard-review-alternatives/,,en,done,2026-01-16,2026-08-11,,,P2
best-valorant-voicechanger,https://dubbingai.io/blog/best-valorant-voicechanger/,,en,done,2026-01-16,2026-08-11,,,P1
oh-no-sound-effects-free-top-picks,https://dubbingai.io/blog/oh-no-sound-effects-free-top-picks/,,en,done,2026-01-16,2026-08-11,,,P2
singing-excellence,https://dubbingai.io/blog/singing-excellence/,,en,done,2026-01-16,2026-08-11,,,P3
top-free-game-show-soundboard-sites-and-sound-effects,https://dubbingai.io/blog/top-free-game-show-soundboard-sites-and-sound-effects/,,en,done,2026-01-16,2026-08-11,,,P2
surprising-android-sound-effects-youll-love,https://dubbingai.io/blog/surprising-android-sound-effects-youll-love/,,en,done,2026-01-16,2026-08-11,,,P2
minecraft-soundboard,https://dubbingai.io/blog/minecraft-soundboard/,,en,done,2026-01-16,2026-08-11,,,P0
top-kermit-the-frog-voice-changers-best-picks,https://dubbingai.io/blog/top-kermit-the-frog-voice-changers-best-picks/,,en,done,2026-01-16,2026-08-11,,,P1
jammable-ai-review-features-pros-cons-vocal-covers-2025,https://dubbingai.io/blog/jammable-ai-review-features-pros-cons-vocal-covers-2025/,,en,done,2026-01-16,2026-08-11,,,P3
kashpaint-sound-effect-explained-popularity,https://dubbingai.io/blog/kashpaint-sound-effect-explained-popularity/,,en,done,2026-01-16,2026-08-11,,,P2
mastering-chill-guy-clicker-tips-success,https://dubbingai.io/blog/mastering-chill-guy-clicker-tips-success/,,en,done,2026-01-16,2026-08-11,,,P3
create-custom-meme-soundboard-2025,https://dubbingai.io/blog/create-custom-meme-soundboard-2025/,,en,done,2026-01-16,2026-08-11,,,P2
best-arnold-soundboard-apps,https://dubbingai.io/blog/best-arnold-soundboard-apps/,,en,done,2026-01-16,2026-08-11,,,P2
jett-voice-changer,https://dubbingai.io/blog/jett-voice-changer/,,en,done,2026-01-16,2026-08-11,,,P0
ai-voice-changer-fortnite,https://dubbingai.io/blog/ai-voice-changer-fortnite/,,en,done,2026-01-16,2026-08-11,,,P1
3-ways-safely-use-joe-biden-ai-voice,https://dubbingai.io/blog/3-ways-safely-use-joe-biden-ai-voice/,,en,done,2026-01-16,2026-08-11,,,P3
battlefield-voice-changer,https://dubbingai.io/blog/battlefield-voice-changer/,,en,done,2026-01-16,2026-08-11,,,P1
top-sites-rooster-sound-effect,https://dubbingai.io/blog/top-sites-rooster-sound-effect/,,en,done,2026-01-16,2026-08-11,,,P2
what-new-heroes-are-in-marvel-rivals-season-3,https://dubbingai.io/blog/what-new-heroes-are-in-marvel-rivals-season-3/,,en,done,2026-01-16,2026-08-11,,,P3
optimus-prime-voice-actor,https://dubbingai.io/blog/optimus-prime-voice-actor/,,en,done,2026-01-16,2026-08-11,,,P3
mario-coin-sound-effect-resources,https://dubbingai.io/blog/mario-coin-sound-effect-resources/,,en,done,2026-01-16,2026-08-11,,,P2
paris-hilton-voice-change-2025-impact,https://dubbingai.io/blog/paris-hilton-voice-change-2025-impact/,,en,done,2026-01-16,2026-08-11,,,P3
halloween-soundboard,https://dubbingai.io/blog/halloween-soundboard/,,en,done,2026-01-16,2026-08-11,,,P2
what-to-do-if-is-roblox-down-server-status-troubleshooting,https://dubbingai.io/blog/what-to-do-if-is-roblox-down-server-status-troubleshooting/,,en,done,2026-01-16,2026-08-11,,,P3
voice-clone,https://dubbingai.io/blog/voice-clone/,,en,done,2026-01-16,2026-08-11,,,P3
top-ghostface-voice-changers-2025,https://dubbingai.io/blog/top-ghostface-voice-changers-2025/,,en,done,2026-01-16,2026-08-11,,,P1
herbert-the-pervert-soundboard-sites,https://dubbingai.io/blog/herbert-the-pervert-soundboard-sites/,,en,done,2026-01-16,2026-08-11,,,P2
pokemon-soundbutton-valorant,https://dubbingai.io/blog/pokemon-soundbutton-valorant/,,en,done,2026-01-16,2026-08-11,,,P1
affordable-forsaken-voice-changers-top-10-picks,https://dubbingai.io/blog/affordable-forsaken-voice-changers-top-10-picks/,,en,done,2026-01-16,2026-08-11,,,P1
top-celebrity-voice-changers-2025,https://dubbingai.io/blog/top-celebrity-voice-changers-2025/,,en,done,2026-01-16,2026-08-11,,,P1
italian-brainrot-clicker-gameplay-fun,https://dubbingai.io/blog/italian-brainrot-clicker-gameplay-fun/,,en,done,2026-01-16,2026-08-11,,,P3
minecraft-movie-soundboard-trending-2025,https://dubbingai.io/blog/minecraft-movie-soundboard-trending-2025/,,en,done,2026-01-16,2026-08-11,,,P2
spongebob-voice-changer-prank-tips,https://dubbingai.io/blog/spongebob-voice-changer-prank-tips/,,en,done,2026-01-16,2026-08-11,,,P1
tga,https://dubbingai.io/blog/tga/,,en,done,2026-01-16,2026-08-11,,,P3
lalalai-voice-changer-2025-updates,https://dubbingai.io/blog/lalalai-voice-changer-2025-updates/,,en,done,2026-01-16,2026-08-11,,,P1
top-hawk-tuah-soundboard-download-sites,https://dubbingai.io/blog/top-hawk-tuah-soundboard-download-sites/,,en,done,2026-01-16,2026-08-11,,,P2
flint-steel-sound-effect-meme-gaming,https://dubbingai.io/blog/flint-steel-sound-effect-meme-gaming/,,en,done,2026-01-16,2026-08-11,,,P2
top-lizard-soundboard-picks-for-memes,https://dubbingai.io/blog/top-lizard-soundboard-picks-for-memes/,,en,done,2026-01-16,2026-08-11,,,P2
grounded-2-release-date-2025-features-early-access-details,https://dubbingai.io/blog/grounded-2-release-date-2025-features-early-access-details/,,en,done,2026-01-16,2026-08-11,,,P3
rm-brown-soundboard-alternatives-for-fun-streaming,https://dubbingai.io/blog/rm-brown-soundboard-alternatives-for-fun-streaming/,,en,done,2026-01-16,2026-08-11,,,P2
top-5-best-bill-cipher-voice-changer-picks-for-2025,https://dubbingai.io/blog/top-5-best-bill-cipher-voice-changer-picks-for-2025/,,en,done,2026-01-16,2026-08-11,,,P1
top-bluudud-soundboard-sites-for-instant-effects,https://dubbingai.io/blog/top-bluudud-soundboard-sites-for-instant-effects/,,en,done,2026-01-16,2026-08-11,,,P2
lightsaber-soundboard-essential-for-fans,https://dubbingai.io/blog/lightsaber-soundboard-essential-for-fans/,,en,done,2026-01-16,2026-08-11,,,P2
top-free-get-out-sound-effects,https://dubbingai.io/blog/top-free-get-out-sound-effects/,,en,done,2026-01-16,2026-08-11,,,P2
ace-studio-dubbing-ai,https://dubbingai.io/blog/ace-studio-dubbing-ai/,,en,done,2026-01-16,2026-08-11,,,P1
ultimate-dubbing-ai-solution,https://dubbingai.io/blog/ultimate-dubbing-ai-solution/,,en,done,2026-01-16,2026-08-11,,,P1
miles-morales-voice-actor-facts,https://dubbingai.io/blog/miles-morales-voice-actor-facts/,,en,done,2026-01-16,2026-08-11,,,P3
top-10-funniest-clash-royale-soundboard-clips-2025,https://dubbingai.io/blog/top-10-funniest-clash-royale-soundboard-clips-2025/,,en,done,2026-01-16,2026-08-11,,,P2
top-10-star-wars-characters-2025,https://dubbingai.io/blog/top-10-star-wars-characters-2025/,,en,done,2026-01-16,2026-08-11, IncompleteRead: IncompleteRead(36504 bytes read),,P3
e-girl-soundboard-gaming-social-media,https://dubbingai.io/blog/e-girl-soundboard-gaming-social-media/,,en,done,2026-01-16,2026-08-11,,,P2
top-miku-voice-changers,https://dubbingai.io/blog/top-miku-voice-changers/,,en,done,2026-01-16,2026-08-11,,,P1
best-free-sound-effect-generator-tools-for-creators-2025,https://dubbingai.io/blog/best-free-sound-effect-generator-tools-for-creators-2025/,,en,done,2026-01-16,2026-08-11,,,P2
kid-friendly-april-fools-pranks,https://dubbingai.io/blog/kid-friendly-april-fools-pranks/,,en,done,2026-01-16,2026-08-11,,,P3
christmas-soundboard,https://dubbingai.io/blog/christmas-soundboard/,,en,done,2026-01-16,2026-08-11, IncompleteRead: IncompleteRead(0 bytes read),,P2
dubbing-ai-voice-changer-discord,https://dubbingai.io/blog/dubbing-ai-voice-changer-discord/,,en,done,2026-01-16,2026-08-11,,,P1
best-free-juice-wrld-voice-changer-tools,https://dubbingai.io/blog/best-free-juice-wrld-voice-changer-tools/,,en,done,2026-01-16,2026-08-11,,,P1
gta6-voice-actors-confirmed-and-rumored,https://dubbingai.io/blog/gta6-voice-actors-confirmed-and-rumored/,,en,done,2026-01-16,2026-08-11,,,P3
plankton-voice-actor-mr-lawrence,https://dubbingai.io/blog/plankton-voice-actor-mr-lawrence/,,en,done,2026-01-16,2026-08-11,,,P3
top-sites-for-royalty-free-splat-sound-effect-downloads,https://dubbingai.io/blog/top-sites-for-royalty-free-splat-sound-effect-downloads/,,en,done,2026-01-16,2026-08-11,,,P2
top-forsaken-soundboards-gaming,https://dubbingai.io/blog/top-forsaken-soundboards-gaming/,,en,done,2026-01-16,2026-08-11,,,P2
vozo-ai-dubbing-ai,https://dubbingai.io/blog/vozo-ai-dubbing-ai/,,en,done,2026-01-16,2026-08-11,,,P1
voicechanger-pranks-csgo,https://dubbingai.io/blog/voicechanger-pranks-csgo/,,en,done,2026-01-16,2026-08-11,,,P3
sonic-soundboard,https://dubbingai.io/blog/sonic-soundboard/,,en,done,2026-01-16,2026-08-11,,,P2
soundboards-essential-tiktok,https://dubbingai.io/blog/soundboards-essential-tiktok/,,en,done,2026-01-16,2026-08-11, IncompleteRead: IncompleteRead(0 bytes read),,P2
are-you-sure-sound-effect-2025-trend,https://dubbingai.io/blog/are-you-sure-sound-effect-2025-trend/,,en,done,2026-01-16,2026-08-11,,,P2
why-soundboard-for-repo-trending,https://dubbingai.io/blog/why-soundboard-for-repo-trending/,,en,done,2026-01-16,2026-08-11,,,P2
streamlabs-vs-obs-feature-comparison-2025,https://dubbingai.io/blog/streamlabs-vs-obs-feature-comparison-2025/,,en,done,2026-01-16,2026-08-11,,,P3
squid-game-soundboards-trending-2025,https://dubbingai.io/blog/squid-game-soundboards-trending-2025/,,en,done,2026-01-16,2026-08-11,,,P2
superman-voice-changer,https://dubbingai.io/blog/superman-voice-changer/,,en,done,2026-01-16,2026-08-11,,,P1
fortnite-soundboard,https://dubbingai.io/blog/fortnite-soundboard/,,en,done,2026-01-16,2026-08-11,,,P1
best-elon-musk-voice-changers-to-try,https://dubbingai.io/blog/best-elon-musk-voice-changers-to-try/,,en,done,2026-01-16,2026-08-11,,,P1
peewee-purpdrank-soundboard-app-features-user-experience-review,https://dubbingai.io/blog/peewee-purpdrank-soundboard-app-features-user-experience-review/,,en,done,2026-01-16,2026-08-11,,,P2
adsmoss-trend-tracking,https://dubbingai.io/blog/adsmoss-trend-tracking/,,en,done,2026-01-16,2026-08-11,,,P3
black-friday-deals,https://dubbingai.io/blog/black-friday-deals/,,en,done,2026-01-16,2026-08-11,,,P3
ai-tools-black-friday-2024,https://dubbingai.io/blog/ai-tools-black-friday-2024/,,en,done,2026-01-16,2026-08-11,,,P3
top-peter-griffin-soundboards,https://dubbingai.io/blog/top-peter-griffin-soundboards/,,en,done,2026-01-16,2026-08-11,,,P2
hank-hill-soundboard-best-sites-apps-ranked-by-fans,https://dubbingai.io/blog/hank-hill-soundboard-best-sites-apps-ranked-by-fans/,,en,done,2026-01-16,2026-08-11,,,P2
hello-world,https://dubbingai.io/blog/hello-world/,,en,skip,,,WordPress 默认稿,,P3
build-immersive-rpg-with-rpggo,https://dubbingai.io/blog/build-immersive-rpg-with-rpggo/,,en,done,2026-01-16,2026-08-11,,,P3
south-park-trump-season-27-premiere-boldest-parody-yet,https://dubbingai.io/blog/south-park-trump-season-27-premiere-boldest-parody-yet/,,en,done,2026-01-16,2026-08-11,,,P3
top-10-invincible-soundboard-memes-funniest-2025,https://dubbingai.io/blog/top-10-invincible-soundboard-memes-funniest-2025/,,en,done,2026-01-16,2026-08-11,,,P2
xxxtentacion-soundboard-download-guide-meme-sounds,https://dubbingai.io/blog/xxxtentacion-soundboard-download-guide-meme-sounds/,,en,done,2026-01-16,2026-08-11,,,P2
sns-popularity,https://dubbingai.io/blog/sns-popularity/,,en,done,2026-01-16,2026-08-11,,,P3
what-time-does-happy-gilmore-2-come-out-cast-trailer,https://dubbingai.io/blog/what-time-does-happy-gilmore-2-come-out-cast-trailer/,,en,done,2026-01-16,2026-08-11,,,P3
epic-games,https://dubbingai.io/blog/epic-games/,,en,done,2026-01-16,2026-08-11,,,P3
cha-ching-sound-effect-free-download,https://dubbingai.io/blog/cha-ching-sound-effect-free-download/,,en,done,2026-01-16,2026-08-11,,,P2
boost-research-linnk-ai,https://dubbingai.io/blog/boost-research-linnk-ai/,,en,done,2026-01-16,2026-08-11,,,P3
vine-boom-sound-effect-download,https://dubbingai.io/blog/vine-boom-sound-effect-download/,,en,done,2026-01-16,2026-08-11,,,P2
top-tips-for-using-gimkit-live,https://dubbingai.io/blog/top-tips-for-using-gimkit-live/,,en,done,2026-01-16,2026-08-11,,,P3
free-ishowspeed-soundboard-download,https://dubbingai.io/blog/free-ishowspeed-soundboard-download/,,en,done,2026-01-16,2026-08-11,,,P2
